Условный номер ТИК;Номер УИК;Адрес помещения для голосования
0;0;
1;0;
1;1;183017, Мурманская область, город Мурманск, улица Александра Торцева, 14
1;2;183017, Мурманская область, город Мурманск, улица Александра Торцева, 1
1;3;183017, Мурманская область, город Мурманск, улица Нахимова, 21
1;4;183017, Мурманская область, город Мурманск, улица Адмирала флота Лобова, 51
1;5;183017, Мурманская область, город Мурманск, улица Сафонова, 37
1;6;183017, Мурманская область, город Мурманск, улица Сафонова, 11
1;7;183017, Мурманская область, город Мурманск, улица Адмирала флота Лобова, 18
1;8;183034, Мурманская область, город Мурманск, проспект Героев-Североморцев, 76, корпус 3
1;9;183034, Мурманская область, город Мурманск, проспект Героев-Североморцев, 76, корпус 3
1;10;183034, Мурманская область, город Мурманск, проспект Героев-Североморцев, 76, корпус 3
1;11;183034, Мурманская область, город Мурманск, проспект Героев-североморцев, 76, корпус 3
1;12;183034, Мурманская область, город Мурманск, улица Александра Невского, 86
1;13;183034, Мурманская область, город Мурманск, улица Александра Невского, 86
1;14;183040, Мурманская область, город Мурманск, улица Чумбарова-Лучинского, 3Б
1;15;183040, Мурманская область, город Мурманск, улица Чумбарова-Лучинского, 3Б
1;16;183040, Мурманская область, город Мурманск, улица Чумбарова-Лучинского, 3Б
1;17;183053, Мурманская область, город Мурманск, переулок Казарменный, 2
1;18;183031, Мурманская область, город Мурманск, проезд Ивана Халатина, 17
1;19;183031, Мурманская область, город Мурманск, проезд Ивана Халатина, 17
1;20;183031, Мурманская область, город Мурманск, проезд Ивана Халатина, 17
1;21;183040, Мурманская область, город Мурманск, улица Аскольдовцев, 9/22
1;22;183040, Мурманская область, город Мурманск, улица Александрова, 32, корпус 2
1;23;183040, Мурманская область, город Мурманск, улица Александрова, 32, корпус 2
1;24;183034, Мурманская область, город Мурманск, проезд Михаила Ивченко, 15
1;25;183034, Мурманская область, город Мурманск, проезд Михаила Ивченко, 15
1;26;183034, Мурманская область, город Мурманск, улица Магомета Гаджиева, 6А
1;27;183034, Мурманская область, город Мурманск, улица Магомета Гаджиева, 6А
1;28;183031, Мурманская область, город Мурманск, улица Виктора Миронова, 5
1;29;183031, Мурманская область, город Мурманск, улица Виктора Миронова, 5
1;30;183031, Мурманская область, город Мурманск, улица Виктора Миронова, 5
1;31;183031, Мурманская область, город Мурманск, улица Юрия Гагарина, 21
1;32;183031, Мурманская область, город Мурманск, улица Павлика Морозова, 3А
1;33;183031, Мурманская область, город Мурманск, улица Павлика Морозова, 3А
1;34;183031, Мурманская область, город Мурманск, улица Павлика Морозова, 3А
1;35;183031, Мурманская область, город Мурманск, проспект Героев-Североморцев, 9, корпус 3
1;36;183038, Мурманская область, город Мурманск, улица Туристов, 34А
1;37;183038, Мурманская область, город Мурманск, улица Туристов, 34А
1;38;183038, Мурманская область, город Мурманск, улица Челюскинцев, 14
1;39;183038, Мурманская область, город Мурманск, улица Челюскинцев, 14
1;41;183038, Мурманская область, город Мурманск, улица Карла Либкнехта, 18А
1;42;183038, Мурманская область, город Мурманск, улица Володарского, 5
1;43;183071, Мурманская область, город Мурманск, улица Карла Маркса, 13
1;44;183038, Мурманская область, город Мурманск, улица Софьи Перовской, 3
1;45;183038, Мурманская область, город Мурманск, улица Пушкинская, 3
1;46;183038, Мурманская область, город Мурманск, улица Комсомольская, 13
1;47;183038, Мурманская область, город Мурманск, проспект Ленина, 59
1;48;183038, Мурманская область, город Мурманск, проспект Ленина, 59
1;49;183038, Мурманская область, город Мурманск, улица Самойловой, 2
1;50;183036, Мурманская область, город Мурманск, улица Георгия Седова, 8
1;51;183036, Мурманская область, город Мурманск, улица Георгия Седова, 8
1;52;183036, Мурманская область, город Мурманск, улица Георгия Седова, 8
1;53;183036, Мурманская область, город Мурманск, улица Мира, 12
1;54;183036, Мурманская область, город Мурманск, улица Мира, 12
1;55;183036, Мурманская область, город Мурманск, улица Мира, 12
1;56;183036, Мурманская область, город Мурманск, улица Скальная, 12
1;57;183036, Мурманская область, город Мурманск, улица Скальная, 12
1;58;183071, Мурманская область, город Мурманск, улица Капитана Маклакова, 39
1;59;183071, Мурманская область, город Мурманск, улица Капитана Маклакова, 39
1;60;183071, Мурманская область, город Мурманск, проезд Связи, 30
1;61;183071, Мурманская область, город Мурманск, проезд Связи, 30
1;62;183071, Мурманская область, город Мурманск, проезд Связи, 30
1;63;183038, Мурманская область, город Мурманск, улица Папанина, 3
1;64;183038, Мурманская область, город Мурманск, улица Папанина, 3
1;65;183025, Мурманская область, город Мурманск, улица Капитана Буркова, 31
1;66;183025, Мурманская область, город Мурманск, улица Капитана Буркова, 31
1;67;183025, Мурманская область, город Мурманск, улица Капитана Буркова, 31
1;68;183025, Мурманская область, город Мурманск, проезд Капитана Тарана, 1
1;69;183039, Мурманская область, город Мурманск, улица Академика Книповича, 36А
1;70;183039, Мурманская область, город Мурманск, улица Академика Книповича, 36А
1;71;183039, Мурманская область, город Мурманск, улица Академика Книповича, 36А
1;72;183039, Мурманская область, город Мурманск, улица Академика Книповича, 48, каб.105
1;73;183039, Мурманская область, город Мурманск, улица Академика Книповича, 35, корпус 2
1;74;183039, Мурманская область, город Мурманск, улица Академика Книповича, 35, корпус 2
1;75;183032, Мурманская область, город Мурманск, проспект Кирова, 36/27
1;76;183038, Мурманская область, город Мурманск, проспект Ленина, 16
1;77;183038, Мурманская область, город Мурманск, проспект Ленина, 16
1;78;183025, Мурманская область, город Мурманск, проспект Ленина, 12
1;79;183032, Мурманская область, город Мурманск, улица Гвардейская, 14
1;80;183027, Мурманская область, город Мурманск, улица Чехова, 11
1;81;183027, Мурманская область, город Мурманск, улица Чехова, 11
1;82;183027, Мурманская область, город Мурманск, улица Чехова, 11
1;83;183038, Мурманская область, город Мурманск, проезд Лыжный, 8
1;84;183001, Мурманская область, город Мурманск, улица Подгорная, 80
1;85;183032, Мурманская область, город Мурманск, улица Спортивная, 13
1;86;183010, Мурманская область, город Мурманск, улица Алексея Генералова, 1/13
1;87;183032, Мурманская область, город Мурманск, проспект Кирова, 17А
1;88;183032, Мурманская область, город Мурманск, проспект Кирова, 36/27
1;89;183032, Мурманская область, город Мурманск, проспект Кирова, 36/27
1;90;183074, Мурманская область, город Мурманск, улица Капитана Орликовой, 35
1;91;183074, Мурманская область, город Мурманск, улица Капитана Орликовой, 35
1;92;183074, Мурманская область, город Мурманск, улица Капитана Орликовой, 35
1;93;183052, Мурманская область, город Мурманск, проспект Кольский, 27А
1;94;183038, Мурманская область, город Мурманск, проезд Лыжный, 8
1;95;183038, Мурманская область, город Мурманск, проезд Лыжный, 8
1;96;183052, Мурманская область, город Мурманск, проспект Кольский, 29
1;97;183008, Мурманская область, город Мурманск, улица Зои Космодемьянской, 13
1;98;183008, Мурманская область, город Мурманск, улица Зои Космодемьянской, 13
1;99;183008, Мурманская область, город Мурманск, улица Олега Кошевого, 12А
1;100;183008, Мурманская область, город Мурманск, улица Олега Кошевого, 12А
1;101;183008, Мурманская область, город Мурманск, улица Зои Космодемьянской, 2А
1;102;183008, Мурманская область, город Мурманск, улица Спартака, 11
1;103;183008, Мурманская область, город Мурманск, улица Спартака, 11
1;104;183014, Мурманская область, город Мурманск, улица Бочкова, 15
1;105;183014, Мурманская область, город Мурманск, улица Бочкова, 15
1;106;183014, Мурманская область, город Мурманск, улица Бочкова, 15
1;107;183014, Мурманская область, город Мурманск, улица Баумана, 11
1;108;183014, Мурманская область, город Мурманск, улица Баумана, 11
1;109;183014, Мурманская область, город Мурманск, улица Баумана, 40
1;110;183014, Мурманская область, город Мурманск, улица Баумана, 40
1;111;183014, Мурманская область, город Мурманск, улица Баумана, 40
1;112;183014, Мурманская область, город Мурманск, улица Баумана, 44
1;113;183050, Мурманская область, город Мурманск, улица Беринга, 18
1;114;183050, Мурманская область, город Мурманск, улица Беринга, 18
1;115;183050, Мурманская область, город Мурманск, улица Беринга, 18
1;116;183050, Мурманская область, город Мурманск, проезд Ледокольный, 23
1;117;183050, Мурманская область, город Мурманск, проезд Ледокольный, 23
1;118;183050, Мурманская область, город Мурманск, переулок Якорный, 5
1;119;183050, Мурманская область, город Мурманск, переулок Якорный, 5
1;120;183052, Мурманская область, город Мурманск, улица Героев Рыбачьего, 15
1;121;183052, Мурманская область, город Мурманск, улица Героев Рыбачьего, 15
1;122;183052, Мурманская область, город Мурманск, улица Героев Рыбачьего, 15
1;123;183053, Мурманская область, город Мурманск, улица Капитана Копытова, 36
1;124;183053, Мурманская область, город Мурманск, улица Капитана Копытова, 36
1;125;183053, Мурманская область, город Мурманск, улица Капитана Копытова, 36
1;126;183053, Мурманская область, город Мурманск, улица Капитана Копытова, 36
1;127;183053, Мурманская область, город Мурманск, улица Крупской, 13
1;128;183053, Мурманская область, город Мурманск, улица Крупской, 13
1;129;183052, Мурманская область, город Мурманск, улица Героев Рыбачьего, 58
1;130;183052, Мурманская область, город Мурманск, улица Героев Рыбачьего, 58
1;131;183053, Мурманская область, город Мурманск, улица Крупской, 26
1;132;183053, Мурманская область, город Мурманск, улица Крупской, 26
1;133;183005, Мурманская область, город Мурманск, улица Лесная, 29
1;158;184635, Мурманская область, город Мурманск, жилой район Росляково, улица Школьная, 1
1;159;184635, Мурманская область, город Мурманск, жилой район Росляково, улица Школьная, 1
1;160;184635, Мурманская область, город Мурманск, жилой район Росляково, улица Заводская, 1
1;161;184635, Мурманская область, город Мурманск, жилой район Росляково, улица Заводская, 1
1;162;184635, Мурманская область, город Мурманск, жилой район Росляково, улица Молодежная, 14
2;0;
2;165;184209, Мурманская область, город Апатиты с подведомственной территорией, улица Кирова, дом 15
2;166;184209, Мурманская область, город Апатиты с подведомственной территорией, улица Жемчужная, дом 38
2;167;184209, Мурманская область, город Апатиты с подведомственной территорией, улица Зиновьева, дом 5а
2;168;184209, Мурманская область, город Апатиты с подведомственной территорией, улица Ферсмана, дом 40а
2;169;184209, Мурманская область, город Апатиты с подведомственной территорией, улица Ферсмана, дом 24
2;170;184209, Мурманская область, город Апатиты с подведомственной территорией, улица Бредова, дом 2а
2;171;184209, Мурманская область, город Апатиты с подведомственной территорией, улица Зиновьева, дом 5
2;172;184209, Мурманская область, город Апатиты с подведомственной территорией, улица Бредова, дом 2а
2;173;184209, Мурманская область, город Апатиты с подведомственной территорией, улица Космонавтов, дом 19
2;174;184209, Мурманская область, город Апатиты с подведомственной территорией, улица Дзержинского, дом 34
2;175;184209, Мурманская область, город Апатиты с подведомственной территорией, улица Ферсмана, дом 6
2;176;184209, Мурманская область, город Апатиты с подведомственной территорией, улица Зиновьева, дом 8
2;177;184209, Мурманская область, город Апатиты с подведомственной территорией, улица Космонавтов, дом 19
2;178;184209, Мурманская область, город Апатиты с подведомственной территорией, улица Строителей, дом 97
2;179;184209, Мурманская область, город Апатиты с подведомственной территорией, улица Бредова, дом 27а
2;180;184209, Мурманская область, город Апатиты с подведомственной территорией, улица Бредова, дом 27а
2;181;184209, Мурманская область, город Апатиты с подведомственной территорией, улица Ленина, дом 24
2;182;184209, Мурманская область, город Апатиты с подведомственной территорией, улица Ленина, дом 11
2;183;184209, Мурманская область, город Апатиты с подведомственной территорией, улица Ленина, дом 19а
2;184;184209, Мурманская область, город Апатиты с подведомственной территорией, улица Строителей, дом 97
2;185;184209, Мурманская область, город Апатиты с подведомственной территорией, улица Дзержинского, дом 34
2;186;184209, Мурманская область, город Апатиты с подведомственной территорией, улица Сидоренко, дом 22а
2;187;184209, Мурманская область, город Апатиты с подведомственной территорией, улица Сидоренко, дом 22а
2;412;184209, Мурманская область, город Апатиты с подведомственной территорией, улица Жемчужная, дом 38
3;0;
3;296;184372, Мурманская область, закрытое административно-территориальное образование поселок Видяево, ул. Заречная, д. 60
3;297;184372, Мурманская область,закрытое административно-территориальное образование поселок Видяево, ул. Заречная, д. 60
3;298;184372, Мурманская область,закрытое административно-территориальное образование поселок Видяево, ул. Нагорная, д. 5
4;0;
4;291;184310, Мурманская область, ЗАТО город Заозерск, улица Колышкина, дом 16
4;292;184310, Мурманская область, ЗАТО город Заозерск, улица Ленинского Комсомола, дом 16
4;293;184310, Мурманская область, ЗАТО город Заозерск, улица Ленинского Комсомола, дом 16
4;294;184310, Мурманская область, ЗАТО город Заозерск, улица Мира, дом 5А
4;295;184310, Мурманская область, ЗАТО город Заозерск, улица Мира, дом 5А
5;0;
5;233;184250, Мурманская область, город Кировск с подведомственной территорией, город Кировск, микрорайон Кукисвумчорр, улица Кирова, 27А
5;234;184250, Мурманская область, город Кировск с подведомственной территорией, город Кировск, микрорайон Кукисвумчорр, улица Кирова, 27А
5;235;184250, Мурманская область, город Кировск с подведомственной территорией, город Кировск, улица Олимпийская, 34А
5;236;184250, Мурманская область, город Кировск с подведомственной территорией, город Кировск, улица Олимпийская, 34А
5;237;184250, Мурманская область, город Кировск с подведомственной территорией, город Кировск, улица Олимпийская, 57А
5;238;184250, Мурманская область, город Кировск с подведомственной территорией, город Кировск, улица Олимпийская, 57А
5;239;184250, Мурманская область, город Кировск с подведомственной территорией, город Кировск, улица Мира, 11
5;240;184250, Мурманская область, город Кировск с подведомственной территорией, город Кировск, улица Мира, 7
5;241;184250, Мурманская область, город Кировск с подведомственной территорией, город Кировск, улица Мира, 11
5;242;184250, Мурманская область, город Кировск с подведомственной территорией, город Кировск, улица Мира, 7
5;243;184250, Мурманская область, город Кировск с подведомственной территорией, город Кировск, проспект Ленина, 25
5;244;184250, Мурманская область, город Кировск с подведомственной территорией, город Кировск, улица Мира, 7
5;245;184250, Мурманская область, город Кировск с подведомственной территорией, город Кировск, улица Советской Конституции, 10
5;246;184250, Мурманская область, город Кировск с подведомственной территорией, город Кировск, улица Мира, 7
5;247;184250, Мурманская область, город Кировск с подведомственной территорией, город Кировск, проспект Ленина, 25
5;248;184250, Мурманская область, город Кировск с подведомственной территорией, город Кировск, проспект Ленина, 28
5;249;184250, Мурманская область, город Кировск с подведомственной территорией, населённый пункт Титан, -, 14
5;250;184250, Мурманская область, город Кировск с подведомственной территорией, населённый пункт Коашва, -, 2
6;0;
6;266;184143, Мурманская область, муниципальное образование Ковдорский район, Ковдор город, Чехова улица, 8
6;267;184143, Мурманская область, муниципальное образование Ковдорский район, Ковдор город, Чехова улица, 8
6;268;184144, Мурманская область, муниципальное образование Ковдорский район, Ковдор город, Комсомольская улица, 15
6;269;184144, Мурманская область, муниципальное образование Ковдорский район, Ковдор город, Комсомольская улица, 14
6;270;184131, Мурманская область, муниципальное образование Ковдорский район, Лейпи н.п., -, -
6;271;184144, Мурманская область, муниципальное образование Ковдорский район, Ковдор город, Кирова улица, 24а
6;272;184144, Мурманская область, муниципальное образование Ковдорский район, Ковдор город, Школьная улица, 2
6;273;184144, Мурманская область, муниципальное образование Ковдорский район, Ковдор город, Комсомольская улица, 6а
6;274;184144, Мурманская область, муниципальное образование Ковдорский район, Ковдор город, Комсомольская улица, 6а
6;275;184144, Мурманская область, муниципальное образование Ковдорский район, Куропта н.п., -, дом 19, квартира 1
6;276;184120, Мурманская область, муниципальное образование Ковдорский район, Ена село, -, 17
6;277;184120, Мурманская область, муниципальное образование Ковдорский район, Енский н.п., Строителей улица, 4А
6;278;184121, Мурманская область, муниципальное образование Ковдорский район, Риколатва н.п., Победы улица, 3А
7;0;
7;188;184500, Мурманская область, город Мончегорск с подведомственной территорией, город Мончегорск, улица 3-я Нагорная, 42
7;189;184500, Мурманская область, город Мончегорск с подведомственной территорией, город Мончегорск, улица Кондрикова, 30А
7;190;184500, Мурманская область, город Мончегорск с подведомственной территорией, город Мончегорск, улица Кондрикова, 8
7;191;184500, Мурманская область, город Мончегорск с подведомственной территорией, город Мончегорск, улица Лесная, 10
7;192;184500, Мурманская область, город Мончегорск с подведомственной территорией, город Мончегорск, улица Бредова, 23
7;193;184500, Мурманская область, город Мончегорск с подведомственной территорией, город Мончегорск, улица Бредова, 1
7;194;184500, Мурманская область, город Мончегорск с подведомственной территорией, город Мончегорск, улица Комсомольская, 31/16
7;195;184500, Мурманская область, город Мончегорск с подведомственной территорией, город Мончегорск, проспект Металлургов, 39А
7;196;184500, Мурманская область, город Мончегорск с подведомственной территорией, город Мончегорск, улица Ферсмана, 7
7;197;184500, Мурманская область, город Мончегорск с подведомственной территорией, город Мончегорск, улица Котульского, 1
7;198;184500, Мурманская область, город Мончегорск с подведомственной территорией, город Мончегорск, проспект Кирова, 17
7;199;184500, Мурманская область, город Мончегорск с подведомственной территорией, город Мончегорск, Ленинградская набережная, 34, корпус 3
7;200;184500, Мурманская область, город Мончегорск с подведомственной территорией, город Мончегорск, Ленинградская набережная, 34, корпус 4
7;201;184500, Мурманская область, город Мончегорск с подведомственной территорией, город Мончегорск, проспект Кирова, 7
7;202;184500, Мурманская область, город Мончегорск с подведомственной территорией, город Мончегорск, проспект Металлургов, 30
7;203;184500, Мурманская область, город Мончегорск с подведомственной территорией, город Мончегорск, улица Железнодорожная, 6
7;204;184500, Мурманская область, город Мончегорск с подведомственной территорией, город Мончегорск, улица Новопроложенная, 7
7;205;184500, Мурманская область, город Мончегорск с подведомственной территорией, город Мончегорск, улица Комсомольская, 24
7;206;184500, Мурманская область, город Мончегорск с подведомственной территорией, город Мончегорск, проспект Металлургов, 1
7;207;184500, Мурманская область, город Мончегорск с подведомственной территорией, город Мончегорск, Строительный проезд, 1
7;208;184500, Мурманская область, город Мончегорск с подведомственной территорией, город Мончегорск, улица Строительная, 3
7;209;184500, Мурманская область, город Мончегорск с подведомственной территорией, город Мончегорск, улица Царевского, 4А
7;210;184500, Мурманская область, город Мончегорск с подведомственной территорией, населённый пункт 27 километр железной дороги Мончегорск-Оленья, улица Октябрьская, 14А
7;211;"184500, Мурманская область, город Мончегорск с подведомственной территорией, населённый пункт 25 километр железной дороги Мончегорск-Оленья, &nbsp;, 6А"
8;0;
8;251;184530, Мурманская область, муниципальное образование город Оленегорск с подведомственной территорией, город Оленегорск, улица Мира, 38 А
8;252;184530, Мурманская область, муниципальное образование город Оленегорск с подведомственной территорией, город Оленегорск, улица Мира, 38 А
8;253;184530, Мурманская область, муниципальное образование город Оленегорск с подведомственной территорией, город Оленегорск, улица Строительная, 22
8;254;184530, Мурманская область, муниципальное образование город Оленегорск с подведомственной территорией, город Оленегорск, улица Мира, 48
8;255;184530, Мурманская область, муниципальное образование город Оленегорск с подведомственной территорией, город Оленегорск, улица Парковая, 26
8;256;184530, Мурманская область, муниципальное образование город Оленегорск с подведомственной территорией, город Оленегорск, улица Парковая, 26
8;257;184530, Мурманская область, муниципальное образование город Оленегорск с подведомственной территорией, город Оленегорск, улица Строительная, 47
8;258;184530, Мурманская область, муниципальное образование город Оленегорск с подведомственной территорией, город Оленегорск, Ленинградский проспект, 5
8;259;184530, Мурманская область, муниципальное образование город Оленегорск с подведомственной территорией, город Оленегорск, улица Южная, 11 А
8;260;184530, Мурманская область, муниципальное образование город Оленегорск с подведомственной территорией, город Оленегорск, улица Южная, 11 А
8;261;184530, Мурманская область, муниципальное образование город Оленегорск с подведомственной территорией, город Оленегорск, улица Строительная, 65
8;262;184530, Мурманская область, муниципальное образование город Оленегорск с подведомственной территорией, город Оленегорск, улица Строительная, 65
8;263;184538, Мурманская область, муниципальное образование город Оленегорск с подведомственной территорией, населенный пункт Высокий, улица Сыромятникова, 13 А
8;264;184538, Мурманская область, муниципальное образование город Оленегорск с подведомственной территорией, населенный пункт Высокий, улица Сыромятникова, 13 А
8;265;184530, Мурманская область, муниципальное образование город Оленегорск с подведомственной территорией, населенный пункт Высокий, улица Сыромятникова, 13 А
9;0;
9;299;184640, Мурманская область, закрытое административно-территориальное образование город Островной, Североморская, 1б
9;300;184640, Мурманская область, закрытое административно-территориальное образование город Островной, Бессонова, 2
10;0;
10;279;184230, Мурманская область, муниципальное образование город Полярные Зори,, улица Партизан Заполярья,, дом 5а
10;280;184230, Мурманская область, муниципальное образование город Полярные Зори,, улица Партизан Заполярья,, дом 5а
10;281;184230, Мурманская область, муниципальное образование город Полярные Зори,, улица Сивко,, дом 5
10;282;184230, Мурманская область, муниципальное образование город Полярные Зори,, улица Сивко,, дом 5
10;283;184230, Мурманская область, муниципальное образование город Полярные Зори,, улица Курчатова,, дом 25
10;284;184230, Мурманская область, муниципальное образование город Полярные Зори,, улица Курчатова,, дом 25
10;285;184230, Мурманская область, муниципальное образование город Полярные Зори,, улица Белова,, дом 7а
10;286;184230, Мурманская область, муниципальное образование город Полярные Зори,, улица Белова,, дом 7а
10;287;184230, Мурманская область, муниципальное образование город Полярные Зори,, улица Пушкина,, дом 18
10;288;184230, Мурманская область, муниципальное образование город Полярные Зори с подведомственной территорией, населенный пункт Зашеек,, улица Веденеева,, дом 12а
10;289;184230, Мурманская область, муниципальное образование город Полярные Зори с подведомственной территорией, населенный пункт Африканда,, улица Кирова,, дом 2
10;290;184230, Мурманская область, муниципальное образование город Полярные Зори с подведомственной территорией, населенный пункт Африканда,, улица Советская,, дом 8
11;0;
11;135;184601, Мурманская область, ЗАТО город Североморск, город Североморск, улица Гвардейская, 26
11;136;184606, Мурманская область, ЗАТО город Североморск, город Североморск, улица Душенова, 19
11;137;184606, Мурманская область, ЗАТО город Североморск, город Североморск, улица Душенова, 10 А
11;138;184601, Мурманская область, ЗАТО город Североморск, город Североморск, улица Авиаторов, 3
11;139;184606, Мурманская область, ЗАТО город Североморск, город Североморск, улица Сафонова, 1
11;140;184606, Мурманская область, ЗАТО город Североморск, город Североморск, улица Душенова, 13 А
11;141;184606, Мурманская область, ЗАТО город Североморск, город Североморск, улица Кирова, 19
11;142;184606, Мурманская область, ЗАТО город Североморск, город Североморск, улица Северная Застава, 1
11;143;184606, Мурманская область, ЗАТО город Североморск, город Североморск, улица Кирова, 19
11;144;184606, Мурманская область, ЗАТО город Североморск, город Североморск, улица Саши Ковалева, 7
11;145;184606, Мурманская область, ЗАТО город Североморск, город Североморск, улица Северная Застава, 1
11;146;184606, Мурманская область, ЗАТО город Североморск, город Североморск, улица Советская, 23
11;147;184606, Мурманская область, ЗАТО город Североморск, город Североморск, улица Вице-адмирала Падорина, 9
11;148;184606, Мурманская область, ЗАТО город Североморск, город Североморск, улица Полярная, 11
11;149;184606, Мурманская область, ЗАТО город Североморск, город Североморск, улица Полярная, 11
11;150;184606, Мурманская область, ЗАТО город Североморск, город Североморск, улица Колышкина, 11
11;151;184606, Мурманская область, ЗАТО город Североморск, город Североморск, улица Комсомольская, 33
11;152;184606, Мурманская область, ЗАТО город Североморск, город Североморск, улица Вице-адмирала Падорина, 9
11;153;184601, Мурманская область, ЗАТО город Североморск, город Североморск, улица Гвардейская, 26
11;154;184601, Мурманская область, ЗАТО город Североморск, город Североморск, улица Гвардейская, 26
11;155;184605, Мурманская область, ЗАТО город Североморск, город Североморск, улица Кортик, 14
11;156;184620, Мурманская область, ЗАТО город Североморск, пгт Сафоново, улица Школьная, 10
11;157;184621, Мурманская область, ЗАТО город Североморск, пгт Сафоново, улица Панина, 11 А
11;163;184637, Мурманская область, ЗАТО город Североморск, нп Щукозеро, улица Агеева, 7 А
11;164;184603, Мурманская область, ЗАТО город Североморск, нп Североморск-3, улица Школьная, 7
11;421;184606, Мурманская область, ЗАТО город Североморск, город Североморск, улица Душенова, 19
12;0;
12;212;184650, Мурманская область, город Полярный, улица Котельникова, дом 6
12;213;184650, Мурманская область, город Полярный, улица Котельникова, дом 6
12;214;184650, Мурманская область, город Полярный, улица Гаджиева, дом 8
12;215;184650, Мурманская область, город Полярный, улица Гаджиева, дом 8
12;216;184650, Мурманская область, город Полярный, улица Красный Горн, дом 6
12;217;184650, Мурманская область, город Полярный, улица Красный Горн, дом 6
12;218;184650, Мурманская область, город Полярный, улица Гагарина, дом 1
12;219;184650, Мурманская область, город Полярный, улица Гагарина, дом 1
12;220;184650, Мурманская область, город Полярный, улица Лунина, дом 6
12;221;184670, Мурманская область, город Гаджиево, улица Гаджиева, дом 33/1
12;222;184670, Мурманская область, город Гаджиево, улица Душенова, дом 90-А
12;223;184670, Мурманская область, город Гаджиево, улица Гаджиева, дом 40
12;224;184670, Мурманская область, город Гаджиево, улица Советская, дом 74/1
12;225;184670, Мурманская область, город Гаджиево, улица Колышкина, дом 114а
12;226;184682, Мурманская область, город Снежногорск, улица Флотская, дом 5
12;227;184682, Мурманская область, город Снежногорск, улица Валентина Бирюкова, дом 21
12;228;184682, Мурманская область, город Снежногорск, улица Павла Стеблина, дом 19
12;229;184682, Мурманская область, город Снежногорск, улица Павла Стеблина, дом 19
12;230;184682, Мурманская область, город Снежногорск, улица Мира, дом 3
12;231;184682, Мурманская область, город Снежногорск, микрорайон Скальный, дом 5
12;232;184670, Мурманская область, н.п.Оленья Губа, улица Строителей, дом 26/1
12;423;184670, Мурманская область, город Гаджиево, улица Советская, дом 74А
12;424;184682, Мурманская область, город Снежногорск, улица Флотская, дом 14
13;0;
13;301;184015, Мурманская область, Кандалакшский район, село Лувеньга, улица Молодежная, 11
13;302;184042, Мурманская область, Кандалакшский район, город Кандалакша, улица Восточная, 7
13;304;184042, Мурманская область, Кандалакшский район, город Кандалакша, улица Первомайская, 9
13;305;184042, Мурманская область, Кандалакшский район, город Кандалакша, улица Первомайская, 32
13;306;184042, Мурманская область, Кандалакшский район, город Кандалакша, улица Аэронавтов, 4А
13;307;184042, Мурманская область, Кандалакшский район, город Кандалакша, улица Аэронавтов, 4А
13;308;184042, Мурманская область, Кандалакшский район, город Кандалакша, улица Набережная, 151
13;310;184042, Мурманская область, Кандалакшский район, город Кандалакша, улица Первомайская, 67
13;311;184042, Мурманская область, Кандалакшский район, город Кандалакша, улица Первомайская, 67
13;312;184049, Мурманская область, Кандалакшский район, город Кандалакша, улица Пронина, 22А
13;313;184042, Мурманская область, Кандалакшский район, город Кандалакша, улица Новая, 1
13;314;184042, Мурманская область, Кандалакшский район, город Кандалакша, улица Новая, 1
13;315;184044, Мурманская область, Кандалакшский район, город Кандалакша, улица 3-я Линия, 7
13;316;184041, Мурманская область, Кандалакшский район, город Кандалакша, улица Спекова, 7
13;317;184041, Мурманская область, Кандалакшский район, город Кандалакша, улица Спекова, 15
13;318;184041, Мурманская область, Кандалакшский район, город Кандалакша, улица Спекова, 15
13;319;184041, Мурманская область, Кандалакшский район, город Кандалакша, улица Спекова, 50
13;321;184046, Мурманская область, Кандалакшский район, город Кандалакша, улица Кировская аллея, 1А
13;322;184046, Мурманская область, Кандалакшский район, город Кандалакша, улица 2-я Парковая, 11
13;324;184046, Мурманская область, Кандалакшский район, город Кандалакша, улица Высокая, 2
13;325;184046, Мурманская область, Кандалакшский район, город Кандалакша, улица Высокая, 2
13;326;184046, Мурманская область, Кандалакшский район, город Кандалакша, улица Наймушина, 21
13;327;184030, Мурманская область, Кандалакшский район, населённый пункт Белое Море, 6
13;328;184070, Мурманская область, Кандалакшский район, населённый пункт Нивский, улица Букина, 1
13;329;184040, Мурманская область, Кандалакшский район, город Кандалакша, улица Лупче-Савино-1, -
13;331;184020, Мурманская область, Кандалакшский район, посёлок городского типа Зеленоборский, улица Озерная, 27А
13;332;184020, Мурманская область, Кандалакшский район, посёлок городского типа Зеленоборский, улица Энергетическая, 24А
13;333;184020, Мурманская область, Кандалакшский район, посёлок городского типа Зеленоборский, улица Школьная, 1А
13;334;184001, Мурманская область, Кандалакшский район, населённый пункт Лесозаводский, улица Центральная, 11А
13;335;184060, Мурманская область, Кандалакшский район, село Алакуртти, улица Содружества, 1
13;337;184060, Мурманская область, Кандалакшский район, село Алакуртти, улица Содружества, 1
13;338;184060, Мурманская область, Кандалакшский район, село Алакуртти, улица Нижняя Набережная, 4
13;339;184004, Мурманская область, Кандалакшский район, село Зареченск, улица Кумская, 2
14;0;
14;341;184381, Мурманская область, Кольский район, город Кола, проспект Защитников Заполярья, 7
14;342;184381, Мурманская область, Кольский район, город Кола, улица Победы, 7
14;343;184381, Мурманская область, Кольский район, город Кола, проспект Советский, 41 А
14;344;184381, Мурманская область, Кольский район, город Кола, улица Кривошеева, 7
14;345;184355, Мурманская область, Кольский район, поселок городского типа Мурмаши, улица Энергетиков, 19
14;346;184355, Мурманская область, Кольский район, поселок городского типа Мурмаши, улица Советская, 18
14;347;184355, Мурманская область, Кольский район, поселок городского типа Мурмаши, улица Энергетиков, 1
14;348;184355, Мурманская область, Кольский район, поселок городского типа Мурмаши, улица Гвардейская, 6
14;349;184358, Мурманская область, Кольский район, поселок городского типа Мурмаши, улица Причальная, 18
14;350;184365, Мурманская область, Кольский район, поселок городского типа Молочный, улица Торговая, 8
14;351;184365, Мурманская область, Кольский район, поселок городского типа Молочный, улица Торговая, 1 А
14;352;184630, Мурманская область, Кольский район, село Териберка, улица Первая пятилетка, 14
14;353;184630, Мурманская область, Кольский район, село Териберка, улица Школьная, 5 Б
14;354;184375, Мурманская область, Кольский район, поселок городского типа Туманный, улица Энергетиков, 2 А
14;355;184366, Мурманская область, Кольский район, населенный пункт Зверосовхоз, улица Зелёная, 14
14;356;184367, Мурманская область, Кольский район, поселок городского типа Кильдинстрой, улица Советская, 2
14;357;184367, Мурманская область, Кольский район, населенный пункт Шонгуй, улица Комсомольская, 5
14;358;184350, Мурманская область, Кольский район, железнодорожная станция Магнетиты, улица Набережная, 14
14;359;184321, Мурманская область, Кольский район, населенный пункт Пушной, улица Центральная, 14
14;360;184331, Мурманская область, Кольский район, населенный пункт Песчаный, улица Ткачева, 1, квартира 4
14;361;184340, Мурманская область, Кольский район, железнодорожная станция Лопарская, -, 16 Б
14;362;184374, Мурманская область, Кольский район, поселок городского типа Верхнетуломский, улица Дружбы, 20
14;363;184362, Мурманская область, Кольский район, село Тулома, улица Мира, 6
14;364;184380, Мурманская область, Кольский район, железнодорожная станция Пяйве, -, 30, квартира 19
14;365;184376, Мурманская область, Кольский район, село Минькино, -, 135
14;366;184363, Мурманская область, Кольский район, населенный пункт Междуречье, -, 5 А
14;367;184335, Мурманская область, Кольский район, населенный пункт Мишуково, -, 19
14;368;184370, Мурманская область, Кольский район, населенный пункт Килпъявр, улица Небольсина, 12
14;369;184371, Мурманская область, Кольский район, село Ура-Губа, улица Рыбацкая, 35
14;413;184355, Мурманская область, Кольский район, поселок городского типа Мурмаши, улица Энергетиков, 1
14;414;184321, Мурманская область, Кольский район, населенный пункт Пушной, улица Центральная, 14
14;416;184367, Мурманская область, Кольский район, поселок городского типа Кильдинстрой, улица Советская, 2
14;418;184362, Мурманская область, Кольский район, село Тулома, улица Школьная, 8
14;419;184363, Мурманская область, Кольский район, населенный пункт Междуречье, -, 5 А
14;420;184365, Мурманская область, Кольский район, поселок городского типа Молочный, улица Торговая, 8
14;422;184664, Мурманская область, Кольский район, село Белокаменка, -, 48
15;0;
15;400;184580, Мурманская область, Ловозерский район, городское поселение Ревда, поселок Ревда, улица Победы, 16, литера А, корпус 1
15;401;184580, Мурманская область, Ловозерский район, городское поселение Ревда, поселок Ревда, улица Металлургов, 5
15;402;184580, Мурманская область, Ловозерский район, городское поселение Ревда, поселок Ревда, улица Металлургов, 6
15;403;184592, Мурманская область, Ловозерский район, сельское поселение Ловозеро, село Ловозеро, улица Советская, 30
15;404;184595, Мурманская область, Ловозерский район, сельское поселение Ловозеро, село Краснощелье, улица Лесная, 1
15;405;184570, Мурманская область, Ловозерский район, сельское поселение Ловозеро, село Каневка, -, -
16;0;
16;370;184421, Мурманская область, Печенгский район, городское поселение Никель , поселок городского типа Никель, Гвардейский проспект, 21
16;371;184421, Мурманская область, Печенгский район, городское поселение Никель , поселок городского типа Никель, улица Сидоровича, 13
16;372;184421, Мурманская область, Печенгский район, городское поселение Никель, поселок городского типа Никель, улица Спортивная, 12
16;373;184421, Мурманская область, Печенгский район, городское поселение Никель , поселок городского типа Никель, улица Бредова, 2
16;374;184421, Мурманская область, Печенгский район, городское поселение Никель , поселок городского типа Никель, улица Бредова, 2
16;375;184421, Мурманская область, Печенгский район, городское поселение Никель , поселок городского типа Никель, улица Печенгская, 1 А
16;376;184421, Мурманская область, Печенгский район, городское поселение Никель , поселок городского типа Никель, улица Печенгская, 1 А
16;377;184421, Мурманская область, Печенгский район, городское поселение Никель , поселок городского типа Никель, Гвардейский проспект, 33
16;378;184421, Мурманская область, Печенгский район, городское поселение Никель , поселок городского типа Никель, улица Спортивная, 13
16;379;184421, Мурманская область, Печенгский район, городское поселение Никель , поселок городского типа Никель, улица Спортивная, 13
16;381;184404, Мурманская область, Печенгский район, городское поселение Никель, поселок Раякоски, -, -
16;382;184430, Мурманская область, Печенгский район, город Заполярный, улица Бабикова, 15 А
16;383;184430, Мурманская область, Печенгский район, город Заполярный, улица Ленина, 4
16;384;184430, Мурманская область, Печенгский район, город Заполярный, улица Сафонова, 9 А
16;385;184430, Мурманская область, Печенгский район, город Заполярный, улица Космонавтов, 6 А
16;386;184430, Мурманская область, Печенгский район, город Заполярный, улица Мира, 2 А
16;387;184430, Мурманская область, Печенгский район, город Заполярный, улица Мира, 2 А
16;388;184430, Мурманская область, Печенгский район, город Заполярный, улица Стрельцова, 1 А
16;389;184430, Мурманская область, Печенгский район, город Заполярный, улица Крупской, 2 А
16;390;184430, Мурманская область, Печенгский район, город Заполярный, улица Крупской, 2 А
16;391;184430, Мурманская область, Печенгский район, город Заполярный, улица Юбилейная, 14
16;392;184430, Мурманская область, Печенгский район, город Заполярный, улица Юбилейная, 14
16;393;184410, Мурманская область, Печенгский район, городское поселение Печенга, станция Печенга, -, -
16;394;184411, Мурманская область, Печенгский район, городское поселение Печенга, населенный пункт Спутник, улица Новая, 16
16;395;184410, Мурманская область, Печенгский район, городское поселение Печенга, поселок городского типа Печенга, улица Печенгское шоссе, 4 А
16;396;184402, Мурманская область, Печенгский район, городское поселение Печенга, населенный пункт Лиинахамари, улица Северная, -
16;397;184412, Мурманская область, Печенгский район, сельское поселение Корзуново, населенный пункт Луостари, улица Нижняя, 5
16;398;184412, Мурманская область, Печенгский район, сельское поселение Корзуново, населенный пункт Луостари, улица Верхняя, 6, офис 31
16;399;184405, Мурманская область, Печенгский район, сельское поселение Корзуново, населенный пункт Корзуново, улица Печенгская, -
16;415;184410, Мурманская область, Печенгский район, городское поселение Печенга, поселок городского типа Печенга, улица Печенгское шоссе, 4 А
17;0;
17;407;184703, Мурманская область, муниципальное образование Терский район, городское поселение Умба Терского района, улица Совхозная, 12 А
17;408;184703, Мурманская область, муниципальное образование Терский район, городское поселение Умба Терского района, улица Приморская, 43
17;409;184703, Мурманская область, муниципальное образование Терский район, городское поселение Умба Терского района, улица Беломорская, 1 А
17;410;184703, Мурманская область, муниципальное образование Терский район, городское поселение Умба Терского района, улица Беломорская, 1 А
17;411;184712, Мурманская область, муниципальное образование Терский район, сельское поселение Варзуга Терского района, улица Успенская, 89
